id;title;content;links;created_at;updated_at
1;unimpressively around rudely;../fake-data/blob/hipster.txt;../fake-data/blob/hipster.txt;2025-09-14T11:26:41;2025-09-13T20:50:00
2;inside;../fake-data/blob/hipster.txt;../fake-data/blob/hipster.txt;2025-09-13T16:18:15;2025-09-13T23:26:32
3;until;../fake-data/blob/hipster.txt;../fake-data/blob/hipster.txt;2025-09-13T17:52:24;2025-09-13T20:08:23
4;thoroughly;../fake-data/blob/hipster.txt;../fake-data/blob/hipster.txt;2025-09-13T21:49:25;2025-09-14T08:40:00
5;the unlike;../fake-data/blob/hipster.txt;../fake-data/blob/hipster.txt;2025-09-13T18:42:24;2025-09-14T12:40:18
6;lone lightly;../fake-data/blob/hipster.txt;../fake-data/blob/hipster.txt;2025-09-13T18:23:52;2025-09-13T19:15:31
7;bicycle boohoo rowdy;../fake-data/blob/hipster.txt;../fake-data/blob/hipster.txt;2025-09-13T20:36:26;2025-09-14T00:23:13
8;elastic;../fake-data/blob/hipster.txt;../fake-data/blob/hipster.txt;2025-09-14T11:24:32;2025-09-14T11:43:53
9;lay;../fake-data/blob/hipster.txt;../fake-data/blob/hipster.txt;2025-09-14T13:08:55;2025-09-14T10:59:16
10;cow;../fake-data/blob/hipster.txt;../fake-data/blob/hipster.txt;2025-09-14T06:31:16;2025-09-13T19:24:14
